<?xml version="1.0" encoding="UTF-8" standalone="yes"?>
    <addon id="repository.LaBoiteaDroid" name="La Boite a Droid" version="1.0.0" provider-name="Danybeatboy">
        <requires>
            <import addon="xbmc.addon" version="12.0.0"/>
        </requires>
        <extension point="xbmc.addon.repository" name="La Boite a Droid">
            <info compressed="false">https://raw.githubusercontent.com/laboiteadroid/repo/master/__zips/addons.xml</info>
            <checksum>https://raw.githubusercontent.com/laboiteadroid/repo/master/__zips/addons.xml.md5</checksum>
            <datadir zip="true">https://raw.githubusercontent.com/laboiteadroid/repo/master/__zips/</datadir>
            <hashes>false</hashes>
			<dir>
			<info compressed="true">https://raw.githubusercontent.com/dualB/DepotQuebec/master/addons.xml</info>
			<checksum>https://raw.githubusercontent.com/dualB/DepotQuebec/master/addons.xml.md5</checksum>
			<datadir zip="true">https://raw.githubusercontent.com/dualB/DepotQuebec/master/</datadir>
			<hashes>false</hashes>
			</dir>
			<dir>
			<checksum>https://raw.githubusercontent.com/Kodi-vStream/venom-xbmc-addons/master/addons.xml.md5</checksum>
			<info compressed="false">https://raw.githubusercontent.com/Kodi-vStream/venom-xbmc-addons/master/addons.xml</info>
			<datadir zip="true">https://github.com/Kodi-vStream/venom-xbmc-addons/raw/master/repo</datadir>
			<hashes>false</hashes>
			</dir>
        </extension>
        <extension point="xbmc.addon.metadata">
            <summary>Repo officiel de La Boite a Droid</summary>
            <description>La boite a Droid</description>
            <platform>all</platform>
            <genre>films,séries,tv</genre>
        </extension>
    </addon>